Workbook

Sheet Gostje_eTurizem
C1: SCOUT CENTER BOHINJ
C3: LIST OF PARTICIPANTS
C4: Group name:
C5: Group leader:
C6: Contact person:
A8: ID | C8: Campsite | D8: Name | E8: Surname | G8: Gender | H8: Date of birth | J8: Country | L8: Identity document | M8: Number of ID | N8: Time of arrival | O8: Time of departure | Q8: Type of tourist tax | R8: Tax fee
A9: 1 | B9: =VLOOKUP(C9,Sif_prostori!$B$2:$C$4,2,FALSE) -> #N/A | F9: =VLOOKUP(G9,Sif_spol!$B$2:$C$3,2,FALSE) -> #N/A | I9: =VLOOKUP(J9,Sif_drzave!$B$2:$C$252,2,FALSE) -> #N/A | K9: =VLOOKUP(L9,Sif_dokumenti!$B$2:$C$9,2,FALSE) -> #N/A | P9: =VLOOKUP(Q9,Sif_taksa!$B$2:$C$21,2,FALSE) -> #N/A
A10: 2 | B10: =VLOOKUP(C10,Sif_prostori!$B$2:$C$4,2,FALSE) -> #N/A | F10: =VLOOKUP(G10,Sif_spol!$B$2:$C$3,2,FALSE) -> #N/A | I10: =VLOOKUP(J10,Sif_drzave!$B$2:$C$252,2,FALSE) -> #N/A | K10: =VLOOKUP(L10,Sif_dokumenti!$B$2:$C$9,2,FALSE) -> #N/A | P10: =VLOOKUP(Q10,Sif_taksa!$B$2:$C$21,2,FALSE) -> #N/A
A11: 3 | B11: =VLOOKUP(C11,Sif_prostori!$B$2:$C$4,2,FALSE) -> #N/A | F11: =VLOOKUP(G11,Sif_spol!$B$2:$C$3,2,FALSE) -> #N/A | I11: =VLOOKUP(J11,Sif_drzave!$B$2:$C$252,2,FALSE) -> #N/A | K11: =VLOOKUP(L11,Sif_dokumenti!$B$2:$C$9,2,FALSE) -> #N/A | P11: =VLOOKUP(Q11,Sif_taksa!$B$2:$C$21,2,FALSE) -> #N/A
A12: 4 | B12: =VLOOKUP(C12,Sif_prostori!$B$2:$C$4,2,FALSE) -> #N/A | F12: =VLOOKUP(G12,Sif_spol!$B$2:$C$3,2,FALSE) -> #N/A | I12: =VLOOKUP(J12,Sif_drzave!$B$2:$C$252,2,FALSE) -> #N/A | K12: =VLOOKUP(L12,Sif_dokumenti!$B$2:$C$9,2,FALSE) -> #N/A | P12: =VLOOKUP(Q12,Sif_taksa!$B$2:$C$21,2,FALSE) -> #N/A
A13: 5 | B13: =VLOOKUP(C13,Sif_prostori!$B$2:$C$4,2,FALSE) -> #N/A | F13: =VLOOKUP(G13,Sif_spol!$B$2:$C$3,2,FALSE) -> #N/A | I13: =VLOOKUP(J13,Sif_drzave!$B$2:$C$252,2,FALSE) -> #N/A | K13: =VLOOKUP(L13,Sif_dokumenti!$B$2:$C$9,2,FALSE) -> #N/A | P13: =VLOOKUP(Q13,Sif_taksa!$B$2:$C$21,2,FALSE) -> #N/A
A14: 6 | B14: =VLOOKUP(C14,Sif_prostori!$B$2:$C$4,2,FALSE) -> #N/A | F14: =VLOOKUP(G14,Sif_spol!$B$2:$C$3,2,FALSE) -> #N/A | I14: =VLOOKUP(J14,Sif_drzave!$B$2:$C$252,2,FALSE) -> #N/A | K14: =VLOOKUP(L14,Sif_dokumenti!$B$2:$C$9,2,FALSE) -> #N/A | P14: =VLOOKUP(Q14,Sif_taksa!$B$2:$C$21,2,FALSE) -> #N/A
A15: 7 | B15: =VLOOKUP(C15,Sif_prostori!$B$2:$C$4,2,FALSE) -> #N/A | F15: =VLOOKUP(G15,Sif_spol!$B$2:$C$3,2,FALSE) -> #N/A | I15: =VLOOKUP(J15,Sif_drzave!$B$2:$C$252,2,FALSE) -> #N/A | K15: =VLOOKUP(L15,Sif_dokumenti!$B$2:$C$9,2,FALSE) -> #N/A | P15: =VLOOKUP(Q15,Sif_taksa!$B$2:$C$21,2,FALSE) -> #N/A
A16: 8 | B16: =VLOOKUP(C16,Sif_prostori!$B$2:$C$4,2,FALSE) -> #N/A | F16: =VLOOKUP(G16,Sif_spol!$B$2:$C$3,2,FALSE) -> #N/A | I16: =VLOOKUP(J16,Sif_drzave!$B$2:$C$252,2,FALSE) -> #N/A | K16: =VLOOKUP(L16,Sif_dokumenti!$B$2:$C$9,2,FALSE) -> #N/A | P16: =VLOOKUP(Q16,Sif_taksa!$B$2:$C$21,2,FALSE) -> #N/A
A17: 9 | B17: =VLOOKUP(C17,Sif_prostori!$B$2:$C$4,2,FALSE) -> #N/A | F17: =VLOOKUP(G17,Sif_spol!$B$2:$C$3,2,FALSE) -> #N/A | I17: =VLOOKUP(J17,Sif_drzave!$B$2:$C$252,2,FALSE) -> #N/A | K17: =VLOOKUP(L17,Sif_dokumenti!$B$2:$C$9,2,FALSE) -> #N/A | P17: =VLOOKUP(Q17,Sif_taksa!$B$2:$C$21,2,FALSE) -> #N/A
A18: 10 | B18: =VLOOKUP(C18,Sif_prostori!$B$2:$C$4,2,FALSE) -> #N/A | F18: =VLOOKUP(G18,Sif_spol!$B$2:$C$3,2,FALSE) -> #N/A | I18: =VLOOKUP(J18,Sif_drzave!$B$2:$C$252,2,FALSE) -> #N/A | K18: =VLOOKUP(L18,Sif_dokumenti!$B$2:$C$9,2,FALSE) -> #N/A | P18: =VLOOKUP(Q18,Sif_taksa!$B$2:$C$21,2,FALSE) -> #N/A
A19: 11 | B19: =VLOOKUP(C19,Sif_prostori!$B$2:$C$4,2,FALSE) -> #N/A | F19: =VLOOKUP(G19,Sif_spol!$B$2:$C$3,2,FALSE) -> #N/A | I19: =VLOOKUP(J19,Sif_drzave!$B$2:$C$252,2,FALSE) -> #N/A | K19: =VLOOKUP(L19,Sif_dokumenti!$B$2:$C$9,2,FALSE) -> #N/A | P19: =VLOOKUP(Q19,Sif_taksa!$B$2:$C$21,2,FALSE) -> #N/A
A20: 12 | B20: =VLOOKUP(C20,Sif_prostori!$B$2:$C$4,2,FALSE) -> #N/A | F20: =VLOOKUP(G20,Sif_spol!$B$2:$C$3,2,FALSE) -> #N/A | I20: =VLOOKUP(J20,Sif_drzave!$B$2:$C$252,2,FALSE) -> #N/A | K20: =VLOOKUP(L20,Sif_dokumenti!$B$2:$C$9,2,FALSE) -> #N/A | P20: =VLOOKUP(Q20,Sif_taksa!$B$2:$C$21,2,FALSE) -> #N/A
... A108: 100 | B108: =VLOOKUP(C108,Sif_prostori!$B$2:$C$4,2,FALSE) -> #N/A | F108: =VLOOKUP(G108,Sif_spol!$B$2:$C$3,2,FALSE) -> #N/A | I108: =VLOOKUP(J108,Sif_drzave!$B$2:$C$252,2,FALSE) -> #N/A | K108: =VLOOKUP(L108,Sif_dokumenti!$B$2:$C$9,2,FALSE) -> #N/A | P108: =VLOOKUP(Q108,Sif_taksa!$B$2:$C$21,2,FALSE) -> #N/A

Sheet Sif_spol
A1: Koda | B1: Opis | C1: Koda
A2: M | B2: Male | C2: M
A3: F | B3: Female | C3: F

Sheet Sif_prostori
A1: idNO | B1: Prostor | C1: idNO
A2: 107474 | B2: GOZDNA ŠOLA ZTS | C2: 107474
A3: 107479 | B3: TABORNI PROSTOR GOZDNA ŠOLA ZTS | C3: 107479
A4: 107486 | B4: TABORNI PROSTOR LAŠKI ROVT ZTS | C4: 107486

Sheet Sif_dokumenti
A1: Koda | B1: Naziv | C1: Koda
A2: F | B2: Border pass | C2: F
A3: H | B3: Travel documents under an international treaty | C3: H
A4: I | B4: ID card | C4: I
A5: L | B5: Children, citizens of the Republic of Slovenia, without a document | C5: L
A6: O | B6: Weapon leaf | C6: O
A7: P | B7: Passport | C7: P
A8: U | B8: Administrative documents | C8: U
A9: V | B9: Driving license | C9: V

Sheet Sif_drzave
A1: Koda | B1: Naziv | C1: Koda
A2: AF | B2: Afghanistan | C2: AF
A3: AX | B3: Åland Islands | C3: AX
A4: AL | B4: Albania | C4: AL
A5: DZ | B5: Algeria | C5: DZ
A6: AS | B6: American Samoa | C6: AS
A7: VI | B7: United States Virgin Islands | C7: VI
A8: AD | B8: Andorra | C8: AD
A9: AO | B9: Angola | C9: AO
A10: AI | B10: Anguilla | C10: AI
A11: AQ | B11: Antarktika | C11: AQ
A12: AG | B12: Antigua and Barbuda | C12: AG
... A252: ZW | B252: Zimbabwe | C252: ZW

Sheet Sif_taksa
A1: Koda | B1: Naziv | C1: Koda
A2: 0 | B2: Full tourist tax (no exemption) | C2: 0
A3: 1 | B3: Exemption - child up to 7 years of age | C3: 1
A4: 10 | B4: Exemption - the regulation of the municipality | C4: 10
A5: 11 | B5: Half-pay (50%) - a person from 7 to 18 years of age | C5: 11
A6: 12 | B6: Half-board (50%) - youth hostels IYHF | C6: 12
A7: 13 | B7: Half-pay (50%) - campsite tourists | C7: 13
A8: 14 | B8: Half-pay (50%) - the municipality's rule | C8: 14
A9: 15 | B9: Partial payment - a municipality regulation | C9: 15
A10: 16 | B10: No payment - no overnight accommodation (daily rest, etc.) | C10: 16
A11: 2 | B11: Exemption - a medical referral | C11: 2
A12: 3 | B12: Exemption - disability, physical impairment | C12: 3
... A18: 9 | B18: Exemption - mountain lodge (members of the PZS) | C18: 9
A19: 17 | B19: Exemption - participants of holidays through societies in the public interest | C19: 17
A20: 18 | B20: Exemption - volunteers for the elimination of natural disasters | C20: 18
A21: 19 | B21: Exemption - police officers in the period of their duties | C21: 19
